-- ==============================================================================
-- PROYECTO: MVP Portfolio - Análisis de Ventas (Estilo Bosch Rexroth)
-- SCRIPT DE SEED: Datos de prueba industriales y realistas B2B
-- ==============================================================================

-- 1. VENDEDORES (4 perfiles)
INSERT INTO vendedores (id, nombre, email, zona, fecha_ingreso) VALUES
('10000000-0000-0000-0000-000000000001', 'Carlos Mendoza', 'cmendoza@empresa.com', 'Norte', '2022-03-15'),
('10000000-0000-0000-0000-000000000002', 'Laura Schmidt', 'lschmidt@empresa.com', 'Sur', '2021-08-01'),
('10000000-0000-0000-0000-000000000003', 'Jorge Valdés', 'jvaldes@empresa.com', 'Centro', '2023-01-10'),
('10000000-0000-0000-0000-000000000004', 'Ana Beltrán', 'abeltran@empresa.com', 'Occidente', '2023-06-20');

-- 2. CLIENTES (10 empresas industriales)
INSERT INTO clientes (id, nombre, industria, region, tamano_empresa) VALUES
('20000000-0000-0000-0000-000000000001', 'AceroNorte S.A.', 'Metalurgia', 'Norte', 'Grande'),
('20000000-0000-0000-0000-000000000002', 'Plásticos del Sur', 'Manufactura', 'Sur', 'Mediana'),
('20000000-0000-0000-0000-000000000003', 'AgroTech Industrial', 'Agroindustria', 'Centro', 'Grande'),
('20000000-0000-0000-0000-000000000004', 'Minería Andes', 'Minería', 'Norte', 'Corporativo'),
('20000000-0000-0000-0000-000000000005', 'Envases Flexibles S.L.', 'Empaque', 'Occidente', 'Mediana'),
('20000000-0000-0000-0000-000000000006', 'Logística Global', 'Transporte', 'Centro', 'Grande'),
('20000000-0000-0000-0000-000000000007', 'Maderas y Celulosas', 'Forestal', 'Sur', 'Mediana'),
('20000000-0000-0000-0000-000000000008', 'Automotriz del Valle', 'Automotriz', 'Centro', 'Corporativo'),
('20000000-0000-0000-0000-000000000009', 'Textiles Pro', 'Textil', 'Occidente', 'Pequeña'),
('20000000-0000-0000-0000-00000000000a', 'Química Avanzada', 'Química', 'Norte', 'Grande');

-- 3. OPORTUNIDADES (25 oportunidades)
-- Estados: ganado (8), perdido (5), negociacion (4), cotizado (3), contactado (3), lead (2)
INSERT INTO oportunidades (id, cliente_id, vendedor_id, nombre_oportunidad, estado, monto_estimado, probabilidad_cierre, fecha_creacion, fecha_cierre_estimada, fecha_cierre_real, prioridad) VALUES
-- GANADAS (8)
('30000000-0000-0000-0000-000000000001', '20000000-0000-0000-0000-000000000001', '10000000-0000-0000-0000-000000000001', 'Renovación de Motores', 'ganado', 45000.00, 100, '2023-11-01', '2023-12-15', '2023-12-10', 'alta'),
('30000000-0000-0000-0000-000000000002', '20000000-0000-0000-0000-000000000003', '10000000-0000-0000-0000-000000000003', 'Línea de Ensamblaje', 'ganado', 120000.00, 100, '2023-10-15', '2024-01-20', '2024-01-25', 'alta'),
('30000000-0000-0000-0000-000000000003', '20000000-0000-0000-0000-000000000004', '10000000-0000-0000-0000-000000000001', 'Sistema de Bombeo', 'ganado', 85000.00, 100, '2024-01-10', '2024-03-01', '2024-02-28', 'media'),
('30000000-0000-0000-0000-000000000004', '20000000-0000-0000-0000-000000000008', '10000000-0000-0000-0000-000000000003', 'Brazos Robóticos', 'ganado', 250000.00, 100, '2024-02-05', '2024-04-15', '2024-04-10', 'alta'),
('30000000-0000-0000-0000-000000000005', '20000000-0000-0000-0000-000000000002', '10000000-0000-0000-0000-000000000002', 'Cintas Transportadoras', 'ganado', 35000.00, 100, '2023-12-20', '2024-02-15', '2024-02-18', 'media'),
('30000000-0000-0000-0000-000000000006', '20000000-0000-0000-0000-00000000000a', '10000000-0000-0000-0000-000000000001', 'Automatización de Válvulas', 'ganado', 60000.00, 100, '2024-01-20', '2024-03-30', '2024-03-25', 'media'),
('30000000-0000-0000-0000-000000000007', '20000000-0000-0000-0000-000000000005', '10000000-0000-0000-0000-000000000004', 'Repuestos Hidráulicos', 'ganado', 15000.00, 100, '2024-03-01', '2024-03-20', '2024-03-15', 'baja'),
('30000000-0000-0000-0000-000000000008', '20000000-0000-0000-0000-000000000007', '10000000-0000-0000-0000-000000000002', 'Sierra Cortadora CNC', 'ganado', 95000.00, 100, '2024-02-15', '2024-05-01', '2024-04-28', 'alta'),
-- PERDIDAS (5)
('30000000-0000-0000-0000-000000000009', '20000000-0000-0000-0000-000000000001', '10000000-0000-0000-0000-000000000001', 'Sensores de Calor', 'perdido', 20000.00, 0, '2024-01-05', '2024-02-28', '2024-02-20', 'media'),
('30000000-0000-0000-0000-00000000000a', '20000000-0000-0000-0000-000000000004', '10000000-0000-0000-0000-000000000001', 'Fajas Transportadoras Extra', 'perdido', 45000.00, 0, '2023-11-10', '2024-01-15', '2024-01-10', 'alta'),
('30000000-0000-0000-0000-00000000000b', '20000000-0000-0000-0000-000000000006', '10000000-0000-0000-0000-000000000003', 'Montacargas Autónomos', 'perdido', 180000.00, 0, '2023-12-01', '2024-03-01', '2024-02-15', 'alta'),
('30000000-0000-0000-0000-00000000000c', '20000000-0000-0000-0000-000000000009', '10000000-0000-0000-0000-000000000004', 'Telares Inteligentes', 'perdido', 110000.00, 0, '2024-02-20', '2024-04-30', '2024-04-10', 'media'),
('30000000-0000-0000-0000-00000000000d', '20000000-0000-0000-0000-000000000002', '10000000-0000-0000-0000-000000000002', 'Extrusora de Plástico', 'perdido', 75000.00, 0, '2024-03-05', '2024-05-15', '2024-05-02', 'alta'),
-- EN NEGOCIACION (4)
('30000000-0000-0000-0000-00000000000e', '20000000-0000-0000-0000-000000000008', '10000000-0000-0000-0000-000000000003', 'Expansión Línea Automotriz', 'negociacion', 400000.00, 75, '2024-04-01', '2024-07-30', NULL, 'alta'),
('30000000-0000-0000-0000-00000000000f', '20000000-0000-0000-0000-000000000003', '10000000-0000-0000-0000-000000000003', 'Sistemas de Irrigación', 'negociacion', 65000.00, 60, '2024-04-15', '2024-06-15', NULL, 'media'),
('30000000-0000-0000-0000-000000000010', '20000000-0000-0000-0000-00000000000a', '10000000-0000-0000-0000-000000000001', 'Tanques de Mezclado', 'negociacion', 130000.00, 80, '2024-03-10', '2024-06-01', NULL, 'alta'),
('30000000-0000-0000-0000-000000000011', '20000000-0000-0000-0000-000000000005', '10000000-0000-0000-0000-000000000004', 'Rodillos de Empaque', 'negociacion', 25000.00, 50, '2024-04-20', '2024-06-30', NULL, 'media'),
-- COTIZADOS (3)
('30000000-0000-0000-0000-000000000012', '20000000-0000-0000-0000-000000000001', '10000000-0000-0000-0000-000000000001', 'Mantenimiento Preventivo Anual', 'cotizado', 45000.00, 40, '2024-05-01', '2024-07-15', NULL, 'media'),
('30000000-0000-0000-0000-000000000013', '20000000-0000-0000-0000-000000000004', '10000000-0000-0000-0000-000000000001', 'Excavadoras Ligeras', 'cotizado', 320000.00, 30, '2024-04-25', '2024-08-01', NULL, 'alta'),
('30000000-0000-0000-0000-000000000014', '20000000-0000-0000-0000-000000000007', '10000000-0000-0000-0000-000000000002', 'Cuchillas Industriales', 'cotizado', 12000.00, 50, '2024-05-05', '2024-06-15', NULL, 'baja'),
-- CONTACTADOS (3)
('30000000-0000-0000-0000-000000000015', '20000000-0000-0000-0000-000000000006', '10000000-0000-0000-0000-000000000003', 'Sistema de Sorteo', 'contactado', 85000.00, 20, '2024-05-10', '2024-09-01', NULL, 'media'),
('30000000-0000-0000-0000-000000000016', '20000000-0000-0000-0000-000000000009', '10000000-0000-0000-0000-000000000004', 'Controladores Lógicos PLC', 'contactado', 40000.00, 15, '2024-05-12', '2024-08-15', NULL, 'media'),
('30000000-0000-0000-0000-000000000017', '20000000-0000-0000-0000-000000000002', '10000000-0000-0000-0000-000000000002', 'Renovación Neumática', 'contactado', 55000.00, 25, '2024-05-08', '2024-07-30', NULL, 'alta'),
-- LEADS (2)
('30000000-0000-0000-0000-000000000018', '20000000-0000-0000-0000-00000000000a', '10000000-0000-0000-0000-000000000001', 'Ampliación Planta II', 'lead', 150000.00, 5, '2024-05-15', '2024-11-01', NULL, 'alta'),
('30000000-0000-0000-0000-000000000019', '20000000-0000-0000-0000-000000000008', '10000000-0000-0000-0000-000000000003', 'Digitalización de Sensores', 'lead', 80000.00, 10, '2024-05-16', '2024-10-15', NULL, 'media');

-- Simular oportunidades estancadas actualizando los días sin actividad para análisis Power BI
UPDATE oportunidades SET dias_sin_actividad = 45 WHERE id IN ('30000000-0000-0000-0000-000000000010', '30000000-0000-0000-0000-000000000015');
UPDATE oportunidades SET dias_sin_actividad = 12 WHERE id IN ('30000000-0000-0000-0000-00000000000e', '30000000-0000-0000-0000-000000000012');
UPDATE oportunidades SET dias_sin_actividad = 5 WHERE estado IN ('lead', 'contactado') AND dias_sin_actividad = 0;

-- 4. COTIZACIONES (15 cotizaciones coherentes)
INSERT INTO cotizaciones (oportunidad_id, numero_cotizacion, monto_cotizado, fecha_emision, fecha_validez, estado_cotizacion) VALUES
('30000000-0000-0000-0000-000000000001', 'COT-2023-1101', 45000.00, '2023-11-20', '2023-12-20', 'aceptada'),
('30000000-0000-0000-0000-000000000002', 'COT-2023-1150', 120000.00, '2023-11-25', '2023-12-25', 'aceptada'),
('30000000-0000-0000-0000-000000000003', 'COT-2024-0105', 85000.00, '2024-02-01', '2024-03-01', 'aceptada'),
('30000000-0000-0000-0000-000000000004', 'COT-2024-0210', 250000.00, '2024-03-10', '2024-04-10', 'aceptada'),
('30000000-0000-0000-0000-000000000005', 'COT-2024-0112', 35000.00, '2024-01-15', '2024-02-15', 'aceptada'),
('30000000-0000-0000-0000-000000000006', 'COT-2024-0205', 60000.00, '2024-02-25', '2024-03-25', 'aceptada'),
('30000000-0000-0000-0000-000000000007', 'COT-2024-0301', 15000.00, '2024-03-05', '2024-04-05', 'aceptada'),
('30000000-0000-0000-0000-000000000008', 'COT-2024-0315', 95000.00, '2024-04-01', '2024-05-01', 'aceptada'),
('30000000-0000-0000-0000-000000000009', 'COT-2024-0120', 20000.00, '2024-01-20', '2024-02-20', 'rechazada'),
('30000000-0000-0000-0000-00000000000a', 'COT-2023-1205', 45000.00, '2023-12-10', '2024-01-10', 'rechazada'),
('30000000-0000-0000-0000-00000000000e', 'COT-2024-0410', 410000.00, '2024-05-01', '2024-06-01', 'enviada'),
('30000000-0000-0000-0000-00000000000f', 'COT-2024-0420', 65000.00, '2024-05-05', '2024-06-05', 'enviada'),
('30000000-0000-0000-0000-000000000010', 'COT-2024-0325', 130000.00, '2024-04-05', '2024-05-05', 'expirada'),
('30000000-0000-0000-0000-000000000012', 'COT-2024-0510', 45000.00, '2024-05-12', '2024-06-12', 'enviada'),
('30000000-0000-0000-0000-000000000013', 'COT-2024-0430', 320000.00, '2024-05-05', '2024-06-05', 'enviada');

-- 5. VENTAS (8 ventas vinculadas DIRECTAMENTE a las oportunidades "ganadas")
INSERT INTO ventas (oportunidad_id, cliente_id, vendedor_id, monto_venta, fecha_venta, canal_venta) VALUES
('30000000-0000-0000-0000-000000000001', '20000000-0000-0000-0000-000000000001', '10000000-0000-0000-0000-000000000001', 45000.00, '2023-12-10', 'Directo'),
('30000000-0000-0000-0000-000000000002', '20000000-0000-0000-0000-000000000003', '10000000-0000-0000-0000-000000000003', 120000.00, '2024-01-25', 'Licitación'),
('30000000-0000-0000-0000-000000000003', '20000000-0000-0000-0000-000000000004', '10000000-0000-0000-0000-000000000001', 85000.00, '2024-02-28', 'Directo'),
('30000000-0000-0000-0000-000000000004', '20000000-0000-0000-0000-000000000008', '10000000-0000-0000-0000-000000000003', 250000.00, '2024-04-10', 'Licitación'),
('30000000-0000-0000-0000-000000000005', '20000000-0000-0000-0000-000000000002', '10000000-0000-0000-0000-000000000002', 35000.00, '2024-02-18', 'Distribuidor'),
('30000000-0000-0000-0000-000000000006', '20000000-0000-0000-0000-00000000000a', '10000000-0000-0000-0000-000000000001', 60000.00, '2024-03-25', 'Directo'),
('30000000-0000-0000-0000-000000000007', '20000000-0000-0000-0000-000000000005', '10000000-0000-0000-0000-000000000004', 15000.00, '2024-03-15', 'Directo'),
('30000000-0000-0000-0000-000000000008', '20000000-0000-0000-0000-000000000007', '10000000-0000-0000-0000-000000000002', 95000.00, '2024-04-28', 'Licitación');

-- 6. ACTIVIDADES (40 actividades de seguimiento distribuido)
INSERT INTO actividades (oportunidad_id, tipo_actividad, descripcion, fecha_actividad, resultado) VALUES
-- Op 1 (Ganada)
('30000000-0000-0000-0000-000000000001', 'Llamada', 'Primer contacto para renovación', '2023-11-02 10:00:00-03', 'Interesados en presupuesto'),
('30000000-0000-0000-0000-000000000001', 'Reunión', 'Visita técnica a la planta', '2023-11-10 14:00:00-03', 'Levantamiento completado'),
('30000000-0000-0000-0000-000000000001', 'Email', 'Envío de cotización final', '2023-11-20 09:30:00-03', 'Cotización enviada y recibida'),
('30000000-0000-0000-0000-000000000001', 'Llamada', 'Negociación final', '2023-12-05 11:00:00-03', 'Acuerdo de precio'),
-- Op 2 (Ganada)
('30000000-0000-0000-0000-000000000002', 'Llamada', 'Contacto inicial', '2023-10-16 09:00:00-03', 'Quieren renovar línea'),
('30000000-0000-0000-0000-000000000002', 'Reunión', 'Presentación de propuesta', '2023-11-05 15:00:00-03', 'Excelente recepción'),
('30000000-0000-0000-0000-000000000002', 'Email', 'Ajuste de cotización', '2023-11-25 10:00:00-03', 'Cotización ajustada'),
-- Op 9 (Perdida)
('30000000-0000-0000-0000-000000000009', 'Llamada', 'Prospectando', '2024-01-06 10:30:00-03', 'Piden info'),
('30000000-0000-0000-0000-000000000009', 'Reunión', 'Demostración de sensores', '2024-01-15 11:00:00-03', 'Dudas técnicas'),
('30000000-0000-0000-0000-000000000009', 'Email', 'Envío cotización', '2024-01-20 09:00:00-03', 'Esperando feedback'),
('30000000-0000-0000-0000-000000000009', 'Llamada', 'Follow up', '2024-02-15 14:00:00-03', 'Se fueron con la competencia'),
-- Op 14 (Negociación - 30000000-0000-0000-0000-00000000000e)
('30000000-0000-0000-0000-00000000000e', 'Reunión', 'Kick-off del proyecto', '2024-04-05 10:00:00-03', 'Alineados en alcance'),
('30000000-0000-0000-0000-00000000000e', 'Email', 'Cotización enviada', '2024-05-01 09:00:00-03', 'Esperando comité'),
('30000000-0000-0000-0000-00000000000e', 'Llamada', 'Seguimiento con compras', '2024-05-06 11:00:00-03', 'Aún no revisan'),
-- Llenado de volumen adicional (26 más)
('30000000-0000-0000-0000-000000000003', 'Llamada', 'Prospección', '2024-01-11 09:00:00-03', 'Positivo'),
('30000000-0000-0000-0000-000000000003', 'Reunión', 'Técnica', '2024-01-20 14:00:00-03', 'Req. levantados'),
('30000000-0000-0000-0000-000000000004', 'Email', 'Presentación', '2024-02-06 10:00:00-03', 'Leído'),
('30000000-0000-0000-0000-000000000004', 'Reunión', 'Negociación', '2024-03-01 15:00:00-03', 'Acuerdo inminente'),
('30000000-0000-0000-0000-000000000005', 'Llamada', 'Discovery', '2023-12-21 11:00:00-03', 'Urge el proyecto'),
('30000000-0000-0000-0000-000000000005', 'Reunión', 'Cierre', '2024-02-10 09:00:00-03', 'Firma de contrato'),
('30000000-0000-0000-0000-000000000006', 'Reunión', 'Visita de planta', '2024-01-22 10:00:00-03', 'Falla detectada'),
('30000000-0000-0000-0000-000000000006', 'Llamada', 'Confirmación de orden', '2024-03-20 11:00:00-03', 'Orden generada'),
('30000000-0000-0000-0000-000000000007', 'Email', 'Catálogo enviado', '2024-03-02 09:00:00-03', 'Interés en bomba hidráulica'),
('30000000-0000-0000-0000-000000000007', 'Llamada', 'Aprobación final', '2024-03-14 15:00:00-03', 'Aprobado'),
('30000000-0000-0000-0000-000000000008', 'Reunión', 'Kick off', '2024-02-20 09:00:00-03', 'Línea base definida'),
('30000000-0000-0000-0000-000000000008', 'Email', 'Contrato final', '2024-04-25 10:00:00-03', 'Firma digital completada'),
('30000000-0000-0000-0000-00000000000a', 'Llamada', 'Primer toque', '2023-11-12 11:00:00-03', 'Sin presupuesto'),
('30000000-0000-0000-0000-00000000000a', 'Email', 'Seguimiento mensual', '2024-01-05 09:00:00-03', 'No responden'),
('30000000-0000-0000-0000-00000000000b', 'Reunión', 'Demo de montacargas', '2023-12-10 14:00:00-03', 'Caro comparado con rival'),
('30000000-0000-0000-0000-00000000000b', 'Llamada', 'Push de descuento', '2024-02-10 10:00:00-03', 'Se cayó'),
('30000000-0000-0000-0000-00000000000c', 'Email', 'Info inicial', '2024-02-21 09:00:00-03', 'Revisando internamente'),
('30000000-0000-0000-0000-00000000000c', 'Llamada', 'Follow up', '2024-04-05 11:00:00-03', 'Proyecto cancelado'),
('30000000-0000-0000-0000-00000000000d', 'Reunión', 'Visita técnica', '2024-03-10 09:00:00-03', 'Planta muy pequeña'),
('30000000-0000-0000-0000-00000000000d', 'Email', 'Notificación', '2024-04-20 10:00:00-03', 'Perdido por especificaciones'),
('30000000-0000-0000-0000-00000000000f', 'Llamada', 'Contacto frío', '2024-04-16 09:00:00-03', 'Piden demo'),
('30000000-0000-0000-0000-00000000000f', 'Reunión', 'Demo en campo', '2024-05-01 10:00:00-03', 'Pendiente de presupuesto'),
('30000000-0000-0000-0000-000000000010', 'Email', 'Bases técnicas', '2024-03-15 09:00:00-03', 'En revisión'),
('30000000-0000-0000-0000-000000000011', 'Llamada', 'Revisión técnica', '2024-04-25 11:00:00-03', 'Esperando aprobación'),
('30000000-0000-0000-0000-000000000018', 'Reunión', 'Feria industrial', '2024-05-15 14:00:00-03', 'Tarjeta recibida'),
('30000000-0000-0000-0000-000000000019', 'Llamada', 'Inbound lead', '2024-05-16 10:00:00-03', 'Interesados en catálogo');
